title|link|image|price|description|date
Huawei P20 pro|https://www.ouedkniss.com/huawei-p20-pro-alger-el-biar-algerie-téléphones-d16355439||54000 DA Fixe|"P20 pro 128gb (1im) en excellent etat 10/10 .

p20 pro 128gb (2sim) en état 10/10 57000da
 
p20 pro 2sim  (twilight) avec boite et accessoires originaux 64000da

vente dans un magasin avec garantie de marche.
disponible jusqu’à minuit. "|
Samsung Galaxy A50|https://www.ouedkniss.com/samsung-galaxy-a50-alger-centre-algerie-téléphones-d21535448||35000 DA Fixe|A50 blanc fih boite w chargeur normale 128g w 6g ram|
Xiaomi Mi A3 + glass 9d|https://www.ouedkniss.com/xiaomi-mi-a3-glass-9d-alger-el-biar-algerie-téléphones-d20353025||31500 DA Fixe|"Mi a3 64gb (2sim) neuf (sous emballage)

vente dans un magasin avec garantie.
livraison possible vers toutes les wilayas.
disponible jusqu’à minuit.

mi band 4 7000da
aitdots 4800da"|
Samsung galaxy  j4 plus|https://www.ouedkniss.com/samsung-galaxy-j4-plus-blida-boufarik-algerie-téléphones-d21535428||1 DA Fixe||
Huawei P30 lite|https://www.ouedkniss.com/huawei-p30-lite-alger-el-biar-algerie-téléphones-d19462863||41000 DA Fixe|"P30 lite 128gb (2sim) neuf (sous emballage)

vente dans un magasin avec garantie.
livraison possible.
disponible jusqu’à minuit."|
Samsung galaxy  j4 plus|https://www.ouedkniss.com/samsung-galaxy-j4-plus-blida-boufarik-algerie-téléphones-d21535426||1 DA Fixe||
Samsung note 10 /note 10 + plus |https://www.ouedkniss.com/samsung-note-10-plus-alger-el-biar-algerie-téléphones-d21181503||113000 DA Fixe|"Galaxy note 10 256gb (2sim) en excellent etat 10/10 avec chargeur et kit mains libres.

galaxy note 10 plus (5g) 256gb/12gb (2sim) 137000da

galaxy note 10 plus 256gb/12gb (2sim) 137000da

vente dans un magasin avec garantie de marche.
livraison possible.
disponible jusqu’à minuit."|
Apple iPhone 6|https://www.ouedkniss.com/apple-iphone-6-blida-mouzaia-algerie-téléphones-d21535419||20000 DA Négociable|Salam 3ndi iphone 6 16gb état neuf 9,5/10 habat caba état de batterie 88% avec chargeur anti-choc et câble . ( tout marche intacte).|
Samsung Galaxy s9|https://www.ouedkniss.com/samsung-galaxy-s9-alger-el-biar-algerie-téléphones-d17425208||51000 DA Fixe|"Galaxy s9 64gb (2sim) en excellent état 10/10 avec chargeur et kit mains libres akg.

vente dans un magasin avec garantie.
livraison possible .
disponible jusqu’à minuit."|
Apple iPhone 6s Plus|https://www.ouedkniss.com/apple-iphone-6s-plus-alger-baba-hassen-algerie-téléphones-d21535372||4300000 DA Fixe|Hadja bzf chaba pu n9ey bezaf mafih hata khebcha matendemch alih |
Huawei P30 Pro|https://www.ouedkniss.com/huawei-p30-pro-alger-el-biar-algerie-téléphones-d21331339||98000 DA Fixe|"Huawei p30 pro 128gb (2sim) en excellent état 10/10 avec chargeur supercharge .

p30 pro 256gb (2sim) en excellent état 10/10 105000

p30 pro 512gb (2sim) en excellent état 10/10 118000da

p30 pro 128gb (2sim) neuf (boîte scellée) 118000da


vente dans un magasin avec garantie.
livrai"|
Iris Vox5|https://www.ouedkniss.com/iris-vox5-alger-bab-el-oued-algerie-téléphones-d21535355|||3andi iris vox5 très bon état bonne occasion mafih hata probleme|
Samsung Galaxy s10 128gb (2sim) |https://www.ouedkniss.com/samsung-galaxy-s10-128gb-2sim-alger-el-biar-algerie-téléphones-d19583055||78000 DA Fixe|"Galaxy s10 128gb (2sim) en état neuf 10/10 avec chargeur et kit mains libres akg.

s10 512gb (2sim) état neuf 86000da

vente dans un magasin avec garantie.
disponible jusqu’à minuit.
livraison possible."|
Condor L2|https://www.ouedkniss.com/condor-l2-alger-cheraga-algerie-téléphones-d21535345||15000 DA Négociable|Condor l2 presque jdid mémoire 32go ram 3go batrie fort tchad 2 jour.|
Huawei P20|https://www.ouedkniss.com/huawei-p20-alger-el-biar-algerie-téléphones-d16284074||39000 DA Fixe|"P20 128gb (2dim) en état 10/10 avec chargeur .

vente dans un magasin avec garantie.
livraison possible .
disponible jusqu'à minuit ."|
Apple iPhone 7 Plus |https://www.ouedkniss.com/apple-iphone-7-plus-alger-bir-mourad-rais-algerie-téléphones-d21535200||||
Apple XS Max 64gb 256gb 512gb|https://www.ouedkniss.com/apple-xs-max-64gb-256gb-512gb-alger-el-biar-algerie-téléphones-d20304272||165000 DA Fixe|"Iphone xs max 64gb neuf (boîte scellée) 

iphone xs max 256gb neuf (boîte scellée)188000da
iphone xs max 512gb neuf (boîte scellée) 195000da

vente dans un magasin avec garantie.
livraison possible vers toutes les wilayas .
disponible jusqu’à minuit."|
Oppo F11|https://www.ouedkniss.com/oppo-f11-alger-bab-ezzouar-algerie-téléphones-d21535170||48 DA Fixe|Oppo ta3 la maison avec garantie une année sa boîte  et accessoires |
Samsung Galaxy s10e |https://www.ouedkniss.com/samsung-galaxy-s10e-alger-el-biar-algerie-téléphones-d19346575||62000 DA Fixe|"Galaxy s10e 128gb (2sim) en excellent état avec chargeur et kit mains libres.

vente dans un magasin avec garantie.
livraison possible.
disponible jusqu’à minuit."|
Apple iPhone XS Max|https://www.ouedkniss.com/apple-iphone-xs-max-alger-birkhadem-algerie-téléphones-d21535378||99000 DA Fixe|"Bonjour, iphone xs max 64g en tres bon etat sauf cache arriere qui est fissuré.  batterie 96%.

✅garantie 4 jours 
✅livraison possible sur alger et toutes les wilayas 

disponible a bir khadem,kouba et said hamdine jusqu'à 23h "|
Samsung S10+ s10 plus|https://www.ouedkniss.com/samsung-s10-plus-alger-el-biar-algerie-téléphones-d19534260||118000 DA Fixe|"S10 plus 128gb (2sim) neuf (sous emballage)
garantie 12 mois chez samsung algerie.

vente dans un magasin avec garantie.
livraison possible 
disponible jusqu’à minuit.
"|
Samsung Galaxy M30 + glass 9d|https://www.ouedkniss.com/samsung-galaxy-m30-glass-9d-alger-el-biar-algerie-téléphones-d21515903||30900 DA Fixe|"Galaxy m30 32gb neuf (sous emballage)

vente dans un magasin avec garantie.
livraison possible.
disponible jusqu’à minuit."|
Samsung Galaxy note 9|https://www.ouedkniss.com/samsung-galaxy-note-9-alger-el-biar-algerie-téléphones-d19456199||70000 DA Fixe|"Note 9 128gb (1sim) en très bon état chargeur fast et kit mains libres .

vente dans un magasin avec garantie.
livraison possible.
disponible jusqu’à minuit."|
Apple iPhone 11 pro Max 512gb |https://www.ouedkniss.com/apple-iphone-11-pro-max-512gb-alger-el-biar-algerie-téléphones-d20891170||218000 DA Fixe|"Iphone 11 pro 64gb (gold) en état neuf 10/10.
batterie 100%

vente dans un magasin avec garantie .
livraison possible.
disponible jusqu’à minuit."|
Apple Iphone 11|https://www.ouedkniss.com/apple-iphone-11-alger-el-biar-algerie-téléphones-d21083929||125000 DA Fixe|"Iphone 11 64gb en excellent état 10/10 avec chargeur.
batterie 100%

iphone 11 64gb en excellent état 10/10 132000da

vente dans un magasin avec garantie.
livraison possible.
disponible jusqu’à minuit."|
|||||
Apple iPhone XS|https://www.ouedkniss.com/apple-iphone-xs-alger-el-biar-algerie-téléphones-d20082686||108000 DA Fixe|"Iphone xs  64gb en excellent état 10/10
batterie 95%+

iphone xs 256gb en excellent état 10/10 119000da
batterie 90%+

vente dans un magasin avec garantie.
disponible jusqu’à minuit.
livraison possible."|
Apple iPhone 7 32gb|https://www.ouedkniss.com/apple-iphone-7-32gb-alger-el-biar-algerie-téléphones-d15315191||41000 DA Fixe|"Iphone 7 32gb en excellent état 10/10 avec chargeur.

iphone 7 128gb en excellent état 10/10 46000da 

vente dans un magasin avec garantie.
livraison possible sur toutes les 
disponible jusqu'à minuit."|
Apple iPhone X|https://www.ouedkniss.com/apple-iphone-x-alger-el-biar-algerie-téléphones-d18380063||89000 DA Fixe|"Iphone x 64gb en état excellent état avec chargeur.

iphone x 256gb en excellent etat 96000da


iphone x 256gb 10/10 avec boîte et accessoires originaux 112000

vente dans un magasin avec garantie.
livraison possible.
disponible jusqu’à minuit."|
Apple Iphone 8 MDM|https://www.ouedkniss.com/apple-iphone-8-mdm-alger-birkhadem-algerie-téléphones-d21535260||42000 DA Fixe|"Bonjour, zed store vous propose un iphone 8 mdm 64g en excellent etat, libéré officiel , pas de compte icloud . 

✅vendu avec garantie 
✅livraison possible sur alger et toutes les wilayas 

disponible a bir khadem,kouba et said hamdine jusqu'à 23h 


"|
Apple iPhone XR /128gb 89000da|https://www.ouedkniss.com/apple-iphone-xr-128gb-89000da-alger-el-biar-algerie-téléphones-d19580874||84000 DA Fixe|"Iphone xr 64gb en état neuf 10/10 avec chargeur.
batterie 100%

jaune , bleu et rouge 86000da

iphone xr 128gb en excellent état 10/10 89000da

iphone xr 64gb neuf (boîte scellée) 108000da
iphone xr 12gb neuf (sous emballage) 112000da

vente dans un magasin avec garantie.
disponible j"|
Apple Iphone 7 32G|https://www.ouedkniss.com/apple-iphone-7-32g-alger-birkhadem-algerie-téléphones-d21535189||29000 DA Fixe|"Bonjour, iphone 7 32g en tres bon etat sauf une fissure en bas qui derange pas du tout .

✅vendu avec garantie 
✅livraison possible sur alger et toutes les wilayas 

disponible a bir khadem,kouba et said hamdine jusqu'à 23h "|
Apple iPhone X|https://www.ouedkniss.com/apple-iphone-x-alger-birkhadem-algerie-téléphones-d21430622||90000 DA Fixe|"Mallphone 
nouvel arrivage iphone x 64g batterie 91% état 10/10 plus d’info veuillez nous contacter sur merci 
magasin situé à birkhadem afrique bazar"|
Apple iPhone XS Max|https://www.ouedkniss.com/apple-iphone-xs-max-alger-birkhadem-algerie-téléphones-d21493328||127000 DA Négociable|"Mallphone 
nouvel arrivage iphone xs max noir 64g batterie 94%  avec chargeur d’origine pour plus d’info veuillez nous contacter magasin situé à birkhadem afrique bazar merci"|
Apple iPhone XS|https://www.ouedkniss.com/apple-iphone-xs-alger-birkhadem-algerie-téléphones-d21489174||119000 DA Fixe|"Mall phone 
nouvel arrivage iphone xs 256g batterie 90% état neuf 10/10 pour plus d’info veuillez nous contacter magasin situé à birkhadem afrique bazar merci"|
Apple iPhone XR|https://www.ouedkniss.com/apple-iphone-xr-alger-birkhadem-algerie-téléphones-d21493360||83000 DA Fixe|"Mall phone 
nouvel arrivage iphone xr red 64g 
batterie 97% 83000da
batterie 100% 86000 da 
plus d’info veuillez nous contacter magasin situé à birkhadem afrique bazar"|
Apple iPhone XS|https://www.ouedkniss.com/apple-iphone-xs-alger-birkhadem-algerie-téléphones-d21489093||119000 DA Fixe|"Mallphone 
nouvel arrivage iphone xs blanc état de batterie 93% état 10/10 pour plus d’info veuillez nous contacter magasin situé à birkhadem afrique bazar"|
Apple iPhone 8 Plus|https://www.ouedkniss.com/apple-iphone-8-plus-alger-birkhadem-algerie-téléphones-d21436936||79000 DA Fixe|"Mallphone 
iphone 8 plus rouge  64g batterie 91% avec chargeur d’origine  plus d’info contactez nous 
magasin situé à birkhadem afrique bazar"|
Apple iPhone 7|https://www.ouedkniss.com/apple-iphone-7-alger-birkhadem-algerie-téléphones-d21065873||41000 DA Fixe|"Mall-phone 
nouvel arrivage kaba england iphone 7 telephone neuf capacité batterie 89% - 90% 
merci de nous contacter pour plus d’info magasin situé à birkhadem afrique bazar soyez bienvenue "|
Apple iPhone XR|https://www.ouedkniss.com/apple-iphone-xr-alger-birkhadem-algerie-téléphones-d21426999||89000 DA Fixe|"Mallphone 
nouvel arrivage iphone xr rouge 128go batterie 96% a 89000da plus d’information veuillez nous contacter magasin situé a birkhadem afrique bazar"|
Apple iPhone XR|https://www.ouedkniss.com/apple-iphone-xr-alger-birkhadem-algerie-téléphones-d21530959||80000 DA Fixe|"Mallphone 
iphone xr nouvel arrivage batterie 99% noir aucune égratignure plus d’info contactez nous. magasin situé à birkhadem afrique bazar merci"|
SAMSUNG GALAXY M30 64GB  2019 - DUOS |https://www.ouedkniss.com/samsung-galaxy-m30-64gb-2019-duos-alger-bab-ezzouar-algerie-téléphones-d19436376||31000 DA Fixe|"➡️ produits original scellÉ 

➡️ vente dans un magasin

➡️ vente avec facture

➡️ disponible tt les couleurs 

➡️ bienvenu À tous dans la boutique mobily ⬅️ 

➡️ situé en bab ezzouar dans le centre commercial city centre ( carrefour) 1er étage 

➡️  la"|
Xiaomi Redmi Note 8|https://www.ouedkniss.com/xiaomi-redmi-note-8-alger-baraki-boumerdes-algerie-téléphones-d13592530||32500 DA Fixe|"Slm j ai des redmi note 8 etat neuf avec boit ett accessoires 64gb 4gb ram
téléphone neuf utiliser 2 jour ctt "|
Huawei P smart|https://www.ouedkniss.com/huawei-p-smart-alger-baraki-bab-ezzouar-boumerdes-birtouta-algerie-téléphones-d13376156||19500 DA Fixe|"Slm j ai des huawie p smart neuf etat 10/10 avec garanti et chargeur 
p smart 32gb 3gb ram 3200 batterie 2 cam 2 sim 
"|
Huawei Watch GT 2 46mm|https://www.ouedkniss.com/huawei-watch-gt-2-46mm-alger-chevalley-algerie-téléphones-d20949171||43900 DA Fixe|"Huawei gt 2 46mm ltn-b19 noir 
boîte scellée avec garantie 
huawei gt2 
disponible 
huawei gt 26500
p30 pro 8gb ram 128gb 117000"|
Nokia Mini phone Bm200|https://www.ouedkniss.com/nokia-mini-phone-bm200-blida-algerie-téléphones-d21311646||2000 DA Fixe|" 
2000da+ frais de livraison disponible 48 wilayas a domicile
payment a la livraison


description :

double puces

changement de voix femme homme enfant

oreillette peut être utilisé comme bluetooth

lecteur mp3 + lecteur carte mémoire

peut être utilisé comme bluetooth"|
Apple iPhone 11 pro Max  256GB DUOS|https://www.ouedkniss.com/apple-iphone-11-pro-max-256gb-duos-alger-chevalley-algerie-téléphones-d20570568||256000 DA Fixe|"Iphone 11 pro max 256gb duos silver et gold ou noir
iphone 11 pro max 64gb duos 226000
sous blister avec garantie 1an 
disponible aussi

apple watch 5 44mm 84900

airpods 2 26000

airpods 2 wireless 31000

airpods pro 52900

iphone 11 pro max
iphone 11 pro
iphone 11
"|
Apple iPad Pro 9.7 (2016)|https://www.ouedkniss.com/apple-ipad-pro-9-7-2016-alger-hydra-algerie-téléphones-d21409581|||"Ipad pro 9,7"" 10/10 lybri officel avec charger orginal "|
iPhone 11 pro 64GB  Vert ou gold et noir |https://www.ouedkniss.com/iphone-11-pro-64gb-vert-ou-gold-et-noir-alger-chevalley-algerie-téléphones-d20558357||200000 DA Fixe|"Iphone 11 pro 64gb une puce gold ou noir et vert
ou silver 
iphone 11 pro 256gb vert 225000

iphone 11 pro 64gb duos 214000

iphone 11 pro max 64gb vert ou gold duos 225000

iphone 11 pro max 

airpods 2 26000

airpods 2 wireless 31000

apple watch 5 44mm 84900

airpods pro 52900
au"|
LG G3|https://www.ouedkniss.com/lg-g3-alger-khraissia-algerie-téléphones-d21519576||||
Apple iPhone XS Max|https://www.ouedkniss.com/apple-iphone-xs-max-alger-birtouta-algerie-téléphones-d21084292||128000 DA Fixe|"Xs max produit état 100/100 
xs max blanc 64g  128000 da
xs max gold 256 g 137000 da "|
Samsung Galaxy S9+|https://www.ouedkniss.com/samsung-galaxy-s9-alger-cheraga-algerie-téléphones-d21390149|||"Salam 
 j’ai un samsung s9 plus couleur noir 128 gb état n9eyy bzaaf  puce wahda machi zoudj hada (f) "|
Huawei Mate 20 X|https://www.ouedkniss.com/huawei-mate-20-x-batna-algerie-téléphones-d21534414||93000 DA Négociable||
Samsung Galaxy J4|https://www.ouedkniss.com/samsung-galaxy-j4-alger-bir-mourad-rais-algerie-téléphones-d20797892||18000 DA Négociable|Vend j4 , 32 go . afficheur refait . seul , sans accessoire ..|
Samsung Galaxy Note 9  10/10|https://www.ouedkniss.com/samsung-galaxy-note-9-10-alger-bab-ezzouar-algerie-téléphones-d14812196||71000 DA Négociable|"⏩⏩⏩⏩•••• samsung ••••⬅️⬅️⬅️⬅️

⏩•galaxy s4 mini lte 4g  état 10/10 avec accessoire :7500da 

⏩•galaxy a3 2017  lte 4g  état 10/10 avec accessoire :19000da

⏩•galaxy a5 2016 lte 4g  état 10/10 avec accessoire :21000da 

⏩•galaxy s6 32"|
Samsung J6 plus|https://www.ouedkniss.com/samsung-j6-plus-alger-centre-algerie-téléphones-d21533337||20 DA Offert|"B la boite dyalo n9i 10/10 
etat de batterie 10/10"|
Samsung Galaxy A80|https://www.ouedkniss.com/samsung-galaxy-a80-batna-algerie-téléphones-d21534331||85000 DA Négociable||
Condor M1|https://www.ouedkniss.com/condor-m1-medea-algerie-téléphones-d21533309||1 DA Fixe||
Huawei P9--Huawei p9 Lite|https://www.ouedkniss.com/huawei-p9-lite-alger-birkhadem-algerie-téléphones-d21275919||15500 DA Fixe|"Je met en vente huawei p9 et p9 lite venue kaba état neuf 10/10 avec chargeur 
-huawei p9 lite prix 155000fda
-huawei p9 32g ram 3g  prix 20500"|
Apple iPhone 7 Plus|https://www.ouedkniss.com/apple-iphone-7-plus-alger-kouba-algerie-téléphones-d21384524||66000 DA Fixe|"Iphone 7 plus original était excellent sans aucun problème libérez officiel marche avec tout les réseaux avec chargeur original kitmen et entichoc était batterie 85% 
la livraison possible sur alger "|
Apple Iphone 6s 64G |https://www.ouedkniss.com/apple-iphone-6s-64g-alger-birkhadem-algerie-téléphones-d21400062||28500 DA Fixe|Je met en vente apple iphone 6s venue de angleterre état neuf 10/10 avec changeur d'origine et antichock|
Samsung J6|https://www.ouedkniss.com/samsung-j6-alger-bab-ezzouar-algerie-téléphones-d21533223||23 DA Négociable|J6 tout acc ocn prblm|
Samsung Galaxy S6-S7 edge-S9|https://www.ouedkniss.com/samsung-galaxy-s6-s7-edge-s9-alger-birkhadem-algerie-téléphones-d21400170||16500 DA Fixe|"Je met en vente galaxy des galaxy s6-s7 edge 
s9  produits européens état neuf 10/10  avec tout les accessoires d'origine . 
-galaxy s6 g920f 32g prix 16500da
-galaxy s7 edge 32g prix 29500da
-galaxy s9 g950f 64g duos prix 47500da"|
Apple 8|https://www.ouedkniss.com/apple-8-oran-algerie-téléphones-d21533188||11111111 DA Négociable|Mharassss icloud wakila souma m3koula|
Huawei Mate 8-Mate 10 Lite 64G|https://www.ouedkniss.com/huawei-mate-8-10-lite-64g-alger-birkhadem-algerie-téléphones-d21476568||24000 DA Fixe|"Je met en vente huawei mate 8  et mate 10 lite 64g ram 4g produit originaux venue kaba état neuf 10/10 avec changeur d'origine 
-huawei mate 8 64g prix 23000da
-huawei mate 10 lite 64g prix 24000da"|
Huawei Y9(2018)-Honor 7X 64G|https://www.ouedkniss.com/huawei-y9-2018-honor-7x-64g-alger-birkhadem-algerie-téléphones-d21476751||24500 DA Fixe|"Je met en vente huawei y9 2018 et honor 7x 64g ram 4g  double puce produit original venue kaba état neuf 10/10 avec changeur d'origine 
"|
Apple iPhone 7 128gb |https://www.ouedkniss.com/apple-iphone-7-128gb-alger-bab-ezzouar-algerie-téléphones-d21534286||35000 DA Fixe|Iphone 7 128gb battery 78 |
Huawei P20 Pro|https://www.ouedkniss.com/huawei-p20-pro-alger-hydra-algerie-téléphones-d21534253||55000 DA Négociable|"Huawei p20 pro 128g 6go ram 
etat 9.5/10
avec chargeur super charge 22w"|
Apple iPhone 7 128gb |https://www.ouedkniss.com/apple-iphone-7-128gb-alger-bab-ezzouar-algerie-téléphones-d21534249||40000 DA Fixe|Iphone 7 128gb gris |
Samsung Galaxy Note 10 PLus|https://www.ouedkniss.com/samsung-galaxy-note-10-plus-alger-dely-brahim-algerie-téléphones-d20459697||155000 DA Négociable|"Bonjour,

votre magasin ajimex multimédia a le plaisir de vous proposer le tout dernier galaxy note 10 plus.

version 12 gb de ram et 256 gb de stockage

couleurs : black ou silver.

livraison gratuite vers les 48 wilayas.

garanti un an 

a très bientôt !"|
Apple iPhone XS Max|https://www.ouedkniss.com/apple-iphone-xs-max-alger-hydra-algerie-téléphones-d21534189||125000 DA Fixe|"Iphone xs max 64go blanc  93% batterie 
avec  chargeur d'origine "|
|||||
Apple Iphone 11 Pro 64 Gb |https://www.ouedkniss.com/apple-iphone-11-pro-64-gb-alger-dely-brahim-algerie-téléphones-d20560010||202000 DA Négociable|"Bonjour,

votre magasin ajimex multimédia a le plaisir de vous proposer en exclusivité le tout dernier iphone 11 , 11 pro et 11 pro max.

disponible en 64 gb et 256 gb

couleurs : vert nuit, space gray, gold.

produit neuf

garanti un an.

a très bientôt !"|
Apple Iphone 11 Pro 256 Gb |https://www.ouedkniss.com/apple-iphone-11-pro-256-gb-alger-dely-brahim-algerie-téléphones-d20560786||225000 DA Négociable|"Bonjour,

votre magasin ajimex multimédia a le plaisir de vous proposer en exclusivité le tout dernier iphone 11 , 11 pro et 11 pro max.

disponible en 64 gb et 256 gb

couleurs : vert nuit, space gray, gold.

produit neuf

garanti un an.

a très bientôt !"|
Apple Iphone 11 64 Gb|https://www.ouedkniss.com/apple-iphone-11-64-gb-alger-dely-brahim-algerie-téléphones-d20560850||149000 DA Négociable|"Bonjour,

votre magasin ajimex multimédia a le plaisir de vous proposer en exclusivité le tout dernier iphone 11 , 11 pro et 11 pro max.

disponible en 64 gb et 256 gb

couleurs : vert, red, black, white, yellow, purple

produit neuf

garanti un an.

a très bientôt !"|
Apple IPhone 11 ProMax 64 Duos|https://www.ouedkniss.com/apple-iphone-11-promax-64-duos-alger-dely-brahim-algerie-téléphones-d20562471||226000 DA Négociable|"Bonjour,

votre magasin ajimex multimédia a le plaisir de vous proposer en exclusivité le tout dernier 

iphone 11 pro max duos

disponible en 64 gb et 256 gb

couleurs : space gray, gold ou midnight green

produit neuf

garanti un an.

a très bientôt !"|
Apple Iphone 11 ProMax 256 Duo|https://www.ouedkniss.com/apple-iphone-11-promax-256-duo-alger-dely-brahim-algerie-téléphones-d20622977||255000 DA Négociable|"Bonjour,

votre magasin ajimex multimédia a le plaisir de vous proposer en exclusivité le tout dernier 

iphone 11 pro max duos

disponible en 64 gb et 256 gb

couleurs : space gray, gold ou midnight green

disponible aussi iphone 11 duos et iphone 11 pro duos

produit neuf

garanti "|
Apple Iphone 11 Pro Max 64 Gb |https://www.ouedkniss.com/apple-iphone-11-pro-max-64-gb-alger-dely-brahim-algerie-téléphones-d20687280||220000 DA Négociable|"Bonjour,

votre magasin ajimex multimédia a le plaisir de vous proposer en exclusivité le tout dernier

iphone 11 pro max 

disponible en 64 gb ou 256 gb 

couleurs : vert nuit, gold ou space gray 

dispo aussi iphone 11 et 11 pro

produit neuf

garanti un an.

a très bientôt !"|
"Apple Ipad 7 10.2 "" 32 gb wifi"|https://www.ouedkniss.com/apple-ipad-7-10-2-32-gb-wifi-alger-el-harrach-algerie-téléphones-d21534035||600000 DA Négociable|"Ipad 7 10.2"" wifi 32 gb ita 10 sur 10 wifi vant dans magasin à belfort avec garantie "|
LG Stylus 2 Plus|https://www.ouedkniss.com/lg-stylus-2-plus-alger-bab-el-oued-algerie-téléphones-d21344917||15500 DA Fixe|Tilifonat original habtin kaba hanot ta3na bab lwad |
LG V20|https://www.ouedkniss.com/lg-v20-alger-bab-el-oued-algerie-téléphones-d21035387||19500 DA Fixe|Tilifonat original habtin kaba hanot ta3na bab lwad خدمة التوصيل موجودة |
Huawei Mate10 lite|https://www.ouedkniss.com/huawei-mate10-lite-alger-bab-el-oued-algerie-téléphones-d21042983||25500 DA Fixe|Tilifonat original habtin kaba original hanot ta3na bab lawd |
Oppo F9 (F9 Pro)|https://www.ouedkniss.com/oppo-f9-pro-alger-bab-el-oued-algerie-téléphones-d20868474||34000 DA Fixe|F9 pro original 128gb 4gb 4ram hanot ta3na bab lawd mrhba bikom |
Sony Sonyi x|https://www.ouedkniss.com/sony-sonyi-x-alger-bab-el-oued-algerie-téléphones-d20868566||16000 DA Fixe|Sonyi x original 32gb 3 gb ram avec garonti et chargor original hanot ta3na f bab lwad |
Honor Honor 5c|https://www.ouedkniss.com/honor-5c-alger-bab-el-oued-algerie-téléphones-d20573072||14000 DA Fixe|Tilifonat original habtin kaba avac kit et chargor original hanout ta3na f bab lwad |
Apple iPhone 7 32gb|https://www.ouedkniss.com/apple-iphone-7-32gb-alger-bab-el-oued-algerie-téléphones-d20035731||40000 DA Fixe|Tilifonat original ete 10/10 battre 99% original habitn kaba |
Huawei Mate8|https://www.ouedkniss.com/huawei-mate8-alger-bab-el-oued-algerie-téléphones-d20035389||21500 DA Fixe|Tilifonat habtin kaba original hanot ta3naf f bab lwad.                                                                             ليكن في علم زبائننا الكرام ان كل الهواتف اصلية السومة والضمان |
Apple Iphone 6 64gb|https://www.ouedkniss.com/apple-iphone-6-64gb-alger-bab-el-oued-algerie-téléphones-d20035513||26500 DA Fixe|Tilifonat habtin kaba original avec kit et chargor hanot ta3na f bab lwad |
Sony Xperia XZ|https://www.ouedkniss.com/sony-xperia-xz-alger-bab-el-oued-algerie-téléphones-d19962358||17000 DA Fixe|Tilifonat original habtin kaba avac kit et chargor hanot ta3na f bab lwad |
Sony Z3+|https://www.ouedkniss.com/sony-z3-alger-bab-el-oued-algerie-téléphones-d19962320||14500 DA Fixe|Tilifonat original habtin kaba hanot ta3na f bab lwad |
Honor Honor 10 lite|https://www.ouedkniss.com/honor-10-lite-alger-bab-el-oued-algerie-téléphones-d21102817||28500 DA Fixe|Tilifonat original habtin kaba hanot ta3na bab lwad السومة المهبولة |
LG G6+|https://www.ouedkniss.com/lg-g6-alger-bab-el-oued-algerie-téléphones-d21353109||18500 DA Fixe|Tilifonat original habtin kaba original hanot ta3na bab السومة هبال |
LG G6+|https://www.ouedkniss.com/lg-g6-alger-bab-el-oued-algerie-téléphones-d21353109||18500 DA Fixe|Tilifonat original habtin kaba original hanot ta3na bab السومة هبال |
Apple iPhone 7|https://www.ouedkniss.com/apple-iphone-7-blida-algerie-téléphones-d21535011||22 DA Négociable|Fih ga3 dozano 32g batterie 100/100 |
Huawei P10 Lite|https://www.ouedkniss.com/huawei-p10-lite-alger-bab-el-oued-algerie-téléphones-d19982329||20000 DA Fixe|Tilifonat original habtin kaba hanot ta3na f bab lwad |
Lenovo S5 Pro|https://www.ouedkniss.com/lenovo-s5-pro-alger-ain-taya-algerie-téléphones-d21534983||28000 DA Fixe|"الكمية جد محدودة  -الهاتف باسعار الجملة-
lenovo s5 pro 6g ram 64 mimoire
20 méga pixal
-النسخة الاصلية والعالمية-
السعر 28000 دج-"|
HTC One (M8)|https://www.ouedkniss.com/htc-one-m8-alger-bab-el-oued-algerie-téléphones-d20708481||14000 DA Fixe|Tilifonat 10/10 original habtin kaba hanot ta3na f bab lwad kayn livrison 48 wilaya |
Samsung Galaxy S6 edge|https://www.ouedkniss.com/samsung-galaxy-s6-edge-constantine-algerie-téléphones-d21534976||23 DA Négociable|Telephone bon etat avec la boite et charjeur fast original et 2 antichoc |
Honor P9 lite|https://www.ouedkniss.com/honor-p9-lite-alger-bab-el-oued-algerie-téléphones-d19982547||17000 DA Fixe|Tilifonat original habtin kaba hanot ta3na f bab lwad |
Huawei Mate 20|https://www.ouedkniss.com/huawei-mate-20-mila-chelghoum-laid-algerie-téléphones-d21534968||1 DA Négociable|Je cherche un huawei mate 20 |
LG Xpawr 2|https://www.ouedkniss.com/lg-xpawr-2-alger-bab-el-oued-algerie-téléphones-d21029576||13500 DA Fixe|Tilifonat original habtin kaba hanot ta3na bab lwad |
Xiaomi Redmi Note 7|https://www.ouedkniss.com/xiaomi-redmi-note-7-alger-ben-aknoun-algerie-téléphones-d21534820||29000 DA Négociable|Produit neuf jamais utilisé cachettes sous blister.|
Samsung Galaxy Note9|https://www.ouedkniss.com/samsung-galaxy-note9-alger-bab-el-oued-algerie-téléphones-d21035179||78500 DA Fixe|Tilifonat original habtin kaba hanot ta3na bab lwad |
Samsung Galaxy S7 edge|https://www.ouedkniss.com/samsung-galaxy-s7-edge-alger-ouled-fayet-algerie-téléphones-d21534378||28000 DA Négociable|"Bonjour 
je vends un tres beau samsung s7 edge couleur noir marche tre bien fih une petite fisure ml fo9 ray tban f les photo avc chargeur w antichoc accepte lechange avc iphone 6s plus "|
Huawei Ascend Mate7 Monarch|https://www.ouedkniss.com/huawei-ascend-mate7-monarch-alger-bab-el-oued-algerie-téléphones-d21035254||17500 DA Fixe|Tilifonat original habtin kaba hanot ta3na bab lwad |
Infinix Note 5 stylus|https://www.ouedkniss.com/infinix-note-5-stylus-alger-el-achour-algerie-téléphones-d21283653||26000 DA Négociable|Infinix note 5 stylus |
Honor Nova plus |https://www.ouedkniss.com/honor-nova-plus-alger-bab-el-oued-algerie-téléphones-d19981275||20000 DA Fixe|Avac kit et chargor tilifonat habtin kaba hanout ta3na f bab lwad |
Apple iPad Pro 9.7 (2016)|https://www.ouedkniss.com/apple-ipad-pro-9-7-2016-alger-hydra-algerie-téléphones-d21409581|||"Ipad pro 9,7"" 10/10 lybri officel avec charger orginal "|
Honor Mate 9|https://www.ouedkniss.com/honor-mate-9-alger-bab-el-oued-algerie-téléphones-d19981483||29500 DA Fixe|Tilifonat habtin kaba original avac kit et chargor hanot ta3na fi bab lwad |
LG G3|https://www.ouedkniss.com/lg-g3-alger-khraissia-algerie-téléphones-d21519576||||
Samsung J7 2018|https://www.ouedkniss.com/samsung-j7-2018-alger-bab-el-oued-algerie-téléphones-d21035277||22500 DA Fixe|Tilifonat original habtin kaba hanot ta3na bab lwad |
Samsung S5 2sim |https://www.ouedkniss.com/samsung-s5-2sim-alger-bab-el-oued-algerie-téléphones-d21259312||15500 DA Fixe|Tilifonat original habtin kaba hanot ta3na bab lwad |
Honor Honor 7|https://www.ouedkniss.com/honor-7-alger-bab-el-oued-algerie-téléphones-d20529748||17500 DA Fixe|Tilifonat habtin kaba original avac kit et chargor original hanot ta3na f bab lwad o kayn livrions 48 wilaya |
Honor Y6 2|https://www.ouedkniss.com/honor-y6-2-alger-bab-el-oued-algerie-téléphones-d20530955||12500 DA Fixe|واسعارنا غير موجود مثلها في السوق ⚡️⚡️|
Huawei Mate S|https://www.ouedkniss.com/huawei-mate-s-alger-bab-el-oued-algerie-téléphones-d20412514||17000 DA Fixe|Tilifonat habtin kaba original hanot ta3na f bab lawd. avec kit et chargor original 100% ⚡️⚡️⚡️|
Huawei Mate 7|https://www.ouedkniss.com/huawei-mate-7-alger-bab-el-oued-algerie-téléphones-d20035437||16000 DA Fixe|Tilifonat habtin kaba original hanot ta3na f bab lwad |
Samsung S8+|https://www.ouedkniss.com/samsung-s8-alger-bab-el-oued-algerie-téléphones-d20151142||47000 DA Fixe|Tilifonat habtin kaba original 10/10 hanot ta3na f bab lwad kayn lesvrison 48 wlaya nbi3o jamla o ditai asoma hbal |
|||||
Sony Xperia XA1 Ultra|https://www.ouedkniss.com/sony-xperia-xa1-ultra-alger-bab-el-oued-algerie-téléphones-d19981161||18000 DA Fixe|Tilifonat habtin kaba original hanot ta3na f bab lwad |
Honor P9|https://www.ouedkniss.com/honor-p9-alger-bab-el-oued-algerie-téléphones-d19982457||20000 DA Fixe|Tilifonat original habtin kaba hanot ta3na f bab lwad |
LG Xpawr 3 |https://www.ouedkniss.com/lg-xpawr-3-alger-bab-el-oued-algerie-téléphones-d21029422||17000 DA Fixe|Tilifonat original habtin kaba hanot ta3na bab lwad |
Huawei Nova2|https://www.ouedkniss.com/huawei-nova2-alger-bab-el-oued-algerie-téléphones-d21029392||25500 DA Fixe|Tilifonat original habtin kaba hanot ta3na bab lwad |
Huawei Honor 6X|https://www.ouedkniss.com/huawei-honor-6x-alger-bab-el-oued-algerie-téléphones-d20327439||18000 DA Fixe|Hwawi 6x 32gb 4gb la ram tilifonat original habtin kaba hanot ta3na f bab lwad nlivriwo l 48 wilaya |
Samsung Galaxy A5 (2017)|https://www.ouedkniss.com/samsung-galaxy-a5-2017-alger-baba-hassen-algerie-téléphones-d21454814||23500 DA Négociable|"The phone garage vous propose un samsung galaxy a5 2017, en etat neuf , 32gb.

- الهواتف اصلية و مضمونة .
-توصيل متوفر في الجزائر العاصمة .
-الصور حقيقية . 

produit original non rénové, je répète original non rénové.

- مرحب"|
Apple iPhone XS Max|https://www.ouedkniss.com/apple-iphone-xs-max-alger-baba-hassen-cheraga-hydra-algerie-téléphones-d21186296||136500 DA Fixe|- bonjour je mets en vente un iphone xsmax 256gb  etat neuf , accessoires offert cable et kitman libéré officiel marche intacte sans aucun problème avec garantie de marche de 72h  venu en provenance de l’europe ( france , uk ) , téléphone original non rénové, je répète original non rénov|
Apple iPhone 7|https://www.ouedkniss.com/apple-iphone-7-alger-baba-hassen-cheraga-algerie-téléphones-d21454741||38500 DA Négociable|"The phone garage vous propose un iphone 7 32gb gold en tres tres bonne etat , marche parfaitement.
- le téléphone est vendu avec une garantie de 72h.
-الهاتف اصلي ومضمون.
-الصور حقيقية .
-اشري راحة البال .
 
- produits original non rénové, je répèt"|
Apple iPhone 7 Plus|https://www.ouedkniss.com/apple-iphone-7-plus-alger-baba-hassen-ben-aknoun-cheraga-algerie-téléphones-d21233232||58500 DA Négociable|- bonjour je mets en vente un iphone 7 plus 32gb et un iphone x 256gb  etat neuf , accessoires offert cable et kitman libéré officiel marche intacte sans aucun problème avec garantie de marche de 72h venu en provenance de l’europe ( france , uk ) , téléphone original non rénové, je répète|
Apple Iphone6.iphone6s.iphone7|https://www.ouedkniss.com/apple-iphone6-iphone6s-iphone7-alger-baba-hassen-cheraga-hydra-algerie-téléphones-d21187094||26500 DA Négociable|- bonjour je mets en vente deux iphone 6s 16gb , et 4 iphone 6 16gb , et 2 iphone 7 gold et blanc.  etat neuf , accessoires offert cable et kitman libéré officiel marche intacte sans aucun problème avec garantie de marche de 72h venu en provenance de l’europe ( france , uk ) , téléphone origi|
Apple Iphone XS Gold 64GB |https://www.ouedkniss.com/apple-iphone-xs-gold-64gb-alger-kouba-algerie-téléphones-d21534005||108000 DA Fixe|"Bonsoir 
je vend un iphone xs 64gb gold en parfaite état libérer officiel de chez apple batterie  91%  
la vente dans un magasin avec garantie pour plus  d'informations veuillez m'appeler merci "|
Samsung Galaxy a50 128gb |https://www.ouedkniss.com/samsung-galaxy-a50-128gb-alger-bab-ezzouar-algerie-téléphones-d21533995||35000 DA Fixe|Galaxy a50 128gb dual sim |
Apple iPhone XS|https://www.ouedkniss.com/apple-iphone-xs-alger-bab-ezzouar-algerie-téléphones-d21533949||98000 DA Fixe|Iphone xs 256gb noir état 8 sur 10 |
Apple IPhone XR 64G •10/10  UK |https://www.ouedkniss.com/apple-iphone-xr-64g-10-uk-alger-bab-ezzouar-algerie-téléphones-d16678262||85000 DA Fixe|"▶️ iphone se 16g chargeur original  
gris,blanc.rose.gold.état neuf. libéré officiel : 20000da

▶️ iphone se 32gchargeur original  
gris,blanc.rose.gold.état neuf. libéré officiel : 22000da

▶️ iphone 5s 16g chargeur original  
gris,blanc.rose.gold.état neuf. libé"|
Apple IPhone 7 Plus   128G • 256G  10/10 UK|https://www.ouedkniss.com/apple-iphone-7-plus-128g-256g-10-uk-alger-bab-ezzouar-algerie-téléphones-d13983734||68000 DA Négociable|"▶️ iphone se 16g chargeur original  
gris,blanc.rose.gold.état neuf. libéré officiel : 20000da

▶️ iphone se 32gchargeur original  
gris,blanc.rose.gold.état neuf. libéré officiel : 22000da

▶️ iphone 5s 16g chargeur original  
gris,blanc.rose.gold.état neuf. libé"|
Samsung Galaxy A30S • A50S |https://www.ouedkniss.com/samsung-galaxy-a30s-a50s-alger-bab-ezzouar-algerie-téléphones-d8928090||43500 DA Négociable|"⏩⏩⏩⏩•••• samsung ••••⬅️⬅️⬅️⬅️

⏩•galaxy s4 mini lte 4g  état 10/10 avec accessoire :7500da 

⏩•galaxy a3 2017  lte 4g  état 10/10 avec accessoire :19000da

⏩•galaxy a5 2016 lte 4g  état 10/10 avec accessoire :21000da 

⏩•galaxy s6 32"|
Xiaomi Redmi note 8|https://www.ouedkniss.com/xiaomi-redmi-note-8-alger-baraki-algerie-téléphones-d20910761||33500 DA Fixe|"Salem ; 
 redmi note 8 4g 64go black bleu  33 500
 redmi note 8 4g 64go blanc 33 800
 redmi note 8 pro 6g 128go bleu ocean 46 500 

tout neuf. jamais servi . Écran protège avec verre trempé 500 dn  et coque en silicone. produit original fourni avec sa boîte complete et toutes ses access"|
Samsung galaxy note 8|https://www.ouedkniss.com/samsung-galaxy-note-8-alger-bologhine-algerie-téléphones-d21531507||54500 DA Négociable|Galaxy note 8 duos 65g noir etat/10/10|
Samsung Galaxy Note9|https://www.ouedkniss.com/samsung-galaxy-note9-alger-bologhine-algerie-téléphones-d21531546||78000 DA Négociable|Note9 128g noir duos avec accessoires et boîtes état 10/10|
Samsung Galaxy S9+|https://www.ouedkniss.com/samsung-galaxy-s9-alger-bologhine-algerie-téléphones-d21531584||58500 DA Fixe|S9 plus 64g duos couleur rose état 10/10|
